Question,Response,Conclusion
"What is the prevalence of physical violence experienced by women aged 15-49 in Nepal since the age of 15, and what are the factors contributing to this violence?","According to the 2022 Nepal Demographic and Health Survey (NDHS), 24% of women aged 15-49 reported experiencing physical violence since the age of 15. The highest prevalence of violence was observed in rural areas, particularly among women with lower educational attainment and those in the lowest wealth quintiles. Contributing factors include societal norms, lower literacy rates, and limited access to legal recourse. This underscores the need for targeted interventions, particularly in rural communities, to address violence against women.","The high prevalence of violence against women highlights systemic issues related to gender inequality, lack of education, and poverty. Addressing these root causes through reforms is essential for reducing violence and empowering women."
"What percentage of women in Nepal currently use modern methods of family planning, and how does this vary by region?","The 2022 NDHS reports that 47% of married women aged 15-49 currently use modern methods of family planning. There are significant regional disparities, with urban areas showing higher usage rates (55%) compared to rural areas (42%). Provinces such as Bagmati and Gandaki report the highest use of modern methods, while Madhesh and Sudurpashchim have the lowest rates.",Efforts should focus on expanding access to modern contraceptives in rural provinces. Strengthening healthcare infrastructure and providing education on reproductive health can help bridge the gap.
"What is the median age at first birth for women aged 25-49 in Nepal, and how does this vary across different socioeconomic groups?","The median age at first birth for women aged 25-49 in Nepal is 20.3 years. This age is lower in rural areas and among women with less education, while women in urban settings or with higher education have a median age at first birth of 22.5 years.",Delaying the age at first birth is linked to improved health outcomes for both mothers and children. Promoting education and access to reproductive health services can help raise the median age at first birth.
"How prevalent is intimate partner violence among women aged 15-49 in Nepal, and what are the key demographic factors influencing this issue?","The 2022 NDHS reports that 8% of women aged 15-49 experienced violence from a husband or intimate partner in the past 12 months. The incidence is higher in rural areas (11%) compared to urban areas (6%), with alcohol consumption by the husband being a contributing factor.","Efforts to reduce intimate partner violence must address social, economic, and educational disparities, with focus on awareness campaigns, support services, and legal protections."
"What is the total fertility rate (TFR) in Nepal, and how does it vary across different provinces?","The total fertility rate (TFR) in Nepal is reported as 2.3 children per woman in the 2022 NDHS. TFR is higher in rural areas and lower in urban settings. The highest fertility rates are observed in Madhesh Province, while Bagmati Province shows the lowest TFR.","Higher fertility rates in rural areas suggest the need for targeted interventions such as family planning and reproductive health education, especially in regions with limited access to healthcare services."
"What percentage of children in Nepal are fully vaccinated against all basic antigens, and what factors influence vaccination rates?","The 2022 NDHS shows that 78% of children are fully vaccinated against all basic antigens. Vaccination rates are higher in urban areas and among children whose mothers have higher educational attainment. Regions with poor access to healthcare, particularly in remote provinces, report lower vaccination rates.",Efforts to improve child vaccination coverage should focus on improving healthcare access in rural areas and enhancing health education for mothers.
