[["What is the rate of stunting among children under 5 years in Province 1 for those residing in the Mountain ecological zone?",{"entities":[[12,57,"INDICATOR"],[98,106,"LOOKUP"],[107,122,"LOOKUP_GROUP"]]}],["How prevalent is literacy among women aged 15-49 in Bagmati Province living in Urban areas?",{"entities":[[17,48,"INDICATOR"],[52,59,"PROVINCE"],[79,84,"LOOKUP"]]}],["What is the vaccination coverage for measles among children in Gandaki Province within the Lowest wealth quintile?",{"entities":[[12,59,"INDICATOR"],[63,70,"PROVINCE"],[91,97,"LOOKUP"],[98,113,"LOOKUP_GROUP"]]}],["What percentage of children aged 24-35 months in Lumbini Province, living in the Terai ecological zone, are malnourished?",{"entities":[[5,45,"INDICATOR"],[49,56,"PROVINCE"],[81,86,"LOOKUP"],[87,102,"LOOKUP_GROUP"],[104,120,"INDICATOR"]]}],["What is the proportion of households in Karnali Province with access to clean water, considering the Rural residence category?",{"entities":[[26,36,"INDICATOR"],[40,47,"PROVINCE"],[57,83,"INDICATOR"],[101,106,"LOOKUP"],[107,116,"LOOKUP_GROUP"]]}],["Determine the prevalence of anemia in Madhesh Province among children in the 6-11 months age group.",{"entities":[[28,34,"INDICATOR"],[38,45,"PROVINCE"],[55,69,"INDICATOR"],[77,88,"LOOKUP"],[89,92,"LOOKUP_GROUP"]]}],["How prevalent is underweight status among children under 5 years in Sudurpashchim Province whose birth order is 4-5?",{"entities":[[17,50,"INDICATOR"],[51,64,"INDICATOR"],[68,81,"PROVINCE"],[97,108,"LOOKUP_GROUP"],[112,115,"LOOKUP"]]}],["What is the proportion of births nationally where the mother had at least 4 antenatal care visits, and belongs to the Brahmin/Chhetri ethnic group?",{"entities":[[12,32,"INDICATOR"],[33,43,"PROVINCE"],[44,97,"INDICATOR"],[118,133,"LOOKUP"],[134,146,"LOOKUP_GROUP"]]}],["What percentage of women aged 20-24 in Bagmati Province have completed Secondary Education?",{"entities":[[5,35,"INDICATOR"],[39,46,"PROVINCE"],[71,80,"LOOKUP"],[81,90,"LOOKUP_GROUP"]]}],["What is the rate of childhood obesity in Gandaki Province for children born to mothers with No education?",{"entities":[]}],["How prevalent is employment among women in Lumbini Province who were employed for cash in the last 12 months?",{"entities":[[17,27,"INDICATOR"],[34,39,"LOOKUP"],[43,50,"PROVINCE"],[60,86,"INDICATOR"],[94,108,"LOOKUP_GROUP"]]}],["What is the percentage of female children in Karnali Province who received a vaccination card that was seen during the survey?",{"entities":[[12,41,"INDICATOR"],[45,52,"PROVINCE"],[62,93,"INDICATOR"]]}],["What percentage of children aged 12-23 months in Madhesh Province were born with an average or larger size at birth?",{"entities":[[5,45,"INDICATOR"],[49,56,"PROVINCE"],[71,115,"INDICATOR"]]}],["How prevalent is overweight/obesity among women in Sudurpashchim Province aged 40-49 in the Fourth wealth quintile?",{"entities":[[17,35,"LOOKUP"],[42,47,"LOOKUP"],[51,64,"PROVINCE"],[74,84,"LOOKUP"],[92,98,"LOOKUP"],[99,114,"LOOKUP_GROUP"]]}],["What is the rate of maternal care coverage for pregnant women nationally who are aged 35-49 and belong to the Dalit ethnic group?",{"entities":[]}],["What is the prevalence of thinness among women in Bagmati Province with a Nutritional Status category of Thin?",{"entities":[[41,46,"LOOKUP"],[50,57,"PROVINCE"],[74,92,"LOOKUP_GROUP"],[105,109,"LOOKUP"]]}],["Determine the rate of under-five mortality in Gandaki Province for male children born to mothers aged 20-34 years.",{"entities":[[22,42,"INDICATOR"],[46,53,"PROVINCE"],[67,80,"LOOKUP"],[102,107,"LOOKUP"]]}],["What is the rate of contraceptive use in Lumbini Province among married women in the 30-34 age group?",{"entities":[[12,37,"INDICATOR"],[41,48,"PROVINCE"],[64,71,"LOOKUP"],[72,77,"LOOKUP"],[85,90,"LOOKUP"],[91,100,"LOOKUP_GROUP"]]}],["What percentage of children in Karnali Province aged 6-11 months have a vaccination card that was not seen or no longer has?",{"entities":[[5,27,"INDICATOR"],[31,38,"PROVINCE"],[48,52,"LOOKUP_GROUP"],[53,57,"LOOKUP"],[58,64,"LOOKUP_GROUP"],[72,88,"LOOKUP_GROUP"],[98,123,"LOOKUP"]]}],["How prevalent is malnutrition in Madhesh Province among children in the 6-8 months age group with a birth interval of less than 24 months?",{"entities":[[17,29,"INDICATOR"],[33,40,"PROVINCE"],[50,64,"INDICATOR"],[72,75,"LOOKUP"],[76,82,"LOOKUP_GROUP"],[83,86,"LOOKUP_GROUP"],[100,114,"LOOKUP_GROUP"],[118,130,"LOOKUP"],[131,137,"LOOKUP_GROUP"]]}],["What is the rate of secondary education completion among women in Sudurpashchim Province who belong to the Terai ecological zone?",{"entities":[[20,39,"LOOKUP"],[51,62,"INDICATOR"],[66,79,"PROVINCE"],[107,112,"LOOKUP"],[113,128,"LOOKUP_GROUP"]]}],["Determine the percentage of births in Province 1 where mothers received 1-3 antenatal care visits and are categorized in the Middle wealth quintile.",{"entities":[[14,34,"INDICATOR"],[72,75,"LOOKUP"],[76,97,"LOOKUP_GROUP"],[125,131,"LOOKUP"],[132,147,"LOOKUP_GROUP"]]}],["What is the percentage of women in Bagmati Province who have more than Secondary Education and belong to the Janajati ethnic group?",{"entities":[[12,31,"INDICATOR"],[35,42,"PROVINCE"],[71,80,"LOOKUP"],[81,90,"LOOKUP_GROUP"],[109,117,"LOOKUP"],[118,130,"LOOKUP_GROUP"]]}],["How prevalent is employment among women in Gandaki Province who were not employed in the last 12 months?",{"entities":[[17,27,"LOOKUP_GROUP"],[43,50,"PROVINCE"],[73,81,"LOOKUP"],[89,103,"LOOKUP_GROUP"]]}],["What percentage of children in Lumbini Province aged 36-47 months belong to the Highest wealth quintile and were born with an average or larger size at birth?",{"entities":[[31,38,"PROVINCE"],[48,52,"LOOKUP_GROUP"],[53,65,"LOOKUP"],[80,87,"LOOKUP"],[88,103,"LOOKUP_GROUP"],[126,143,"LOOKUP"],[144,157,"LOOKUP_GROUP"]]}],["What is the rate of stunting among children under 5 years in Karnali Province who belong to the Janajati ethnic group and reside in Rural areas?",{"entities":[[12,57,"INDICATOR"],[61,68,"PROVINCE"],[96,104,"LOOKUP"],[105,117,"LOOKUP_GROUP"],[122,128,"LOOKUP_GROUP"],[132,137,"LOOKUP"]]}],["Determine the proportion of women in Madhesh Province who have never married and belong to the 15-19 age group.",{"entities":[[14,33,"INDICATOR"],[37,44,"PROVINCE"],[63,76,"LOOKUP"],[95,100,"LOOKUP"],[101,104,"LOOKUP_GROUP"]]}],["What percentage of children in Sudurpashchim Province belong to the Muslim ethnic group and are classified as overweight/obese based on their nutritional status?",{"entities":[[5,27,"INDICATOR"],[31,44,"PROVINCE"],[54,60,"INDICATOR"],[68,74,"LOOKUP"],[75,87,"LOOKUP_GROUP"],[110,126,"LOOKUP"],[142,160,"LOOKUP_GROUP"]]}],["Here are additional natural language queries:",{"entities":[]}],["What is the proportion of births in Province 1 where the mother's nutritional status is normal, and she belongs to the Hill ecological zone?  ",{"entities":[[57,84,"LOOKUP_GROUP"],[88,94,"LOOKUP"],[119,123,"LOOKUP"],[124,139,"LOOKUP_GROUP"]]}],["How prevalent is literacy among women aged 25-29 in Bagmati Province who belong to the Fourth wealth quintile?  ",{"entities":[[17,37,"INDICATOR"],[38,42,"LOOKUP_GROUP"],[43,48,"LOOKUP"],[52,59,"PROVINCE"],[87,93,"LOOKUP"],[94,109,"LOOKUP_GROUP"]]}],["What percentage of children aged 48-59 months in Gandaki Province, living in Rural areas, are underweight?  ",{"entities":[[19,27,"INDICATOR"],[28,32,"LOOKUP_GROUP"],[33,45,"LOOKUP"],[49,56,"PROVINCE"],[77,82,"LOOKUP"],[90,93,"INDICATOR"],[94,105,"INDICATOR"]]}],["What is the rate of exclusive breastfeeding in Lumbini Province for children whose birth order is 2-3?  ",{"entities":[]}],["How prevalent is anemia in Karnali Province among children aged 18-23 months from the Terai ecological zone?  ",{"entities":[[17,23,"INDICATOR"],[27,34,"PROVINCE"],[44,49,"INDICATOR"],[50,58,"INDICATOR"],[59,63,"LOOKUP_GROUP"],[64,76,"LOOKUP"],[86,91,"LOOKUP"],[92,107,"LOOKUP_GROUP"]]}],["What is the rate of institutional deliveries in Madhesh Province among women in the Highest wealth quintile?  ",{"entities":[[20,44,"INDICATOR"],[48,55,"PROVINCE"],[65,76,"INDICATOR"],[84,91,"LOOKUP"],[92,107,"LOOKUP_GROUP"]]}],["What is the prevalence of early marriage among women in Sudurpashchim Province who belong to the Dalit ethnic group and are in the 20-24 age group?  ",{"entities":[[26,52,"INDICATOR"],[56,69,"PROVINCE"],[97,102,"LOOKUP"],[103,115,"LOOKUP_GROUP"],[131,136,"LOOKUP"],[137,146,"LOOKUP_GROUP"]]}],["What is the rate of childhood vaccinations in Province 1 among male children born in the Urban residence category?  ",{"entities":[[12,42,"INDICATOR"],[63,67,"LOOKUP"],[89,94,"LOOKUP"],[95,104,"LOOKUP_GROUP"]]}],["How prevalent is employment among women in Bagmati Province who were employed not for cash in the last 12 months?  ",{"entities":[[17,39,"INDICATOR"],[43,50,"PROVINCE"],[69,90,"LOOKUP"],[98,112,"LOOKUP_GROUP"]]}],["What is the proportion of women aged 15-49 in Gandaki Province who are overweight based on their nutritional status and belong to the Rural residence category?  ",{"entities":[[12,31,"INDICATOR"],[32,36,"LOOKUP_GROUP"],[37,42,"LOOKUP"],[46,53,"PROVINCE"],[71,81,"LOOKUP"],[97,115,"LOOKUP_GROUP"],[134,139,"LOOKUP"],[140,149,"LOOKUP_GROUP"]]}],["What percentage of children in Lumbini Province born to mothers with Basic education were vaccinated against polio?  ",{"entities":[[5,27,"INDICATOR"],[31,38,"PROVINCE"],[69,84,"LOOKUP"],[90,100,"LOOKUP_GROUP"]]}],["What is the prevalence of female genital mutilation in Karnali Province among girls in the 10-14 age group?  ",{"entities":[[26,51,"INDICATOR"],[55,62,"PROVINCE"],[72,83,"INDICATOR"],[91,96,"LOOKUP"],[97,100,"LOOKUP_GROUP"]]}],["What percentage of children in Madhesh Province aged 24-35 months belong to the Muslim ethnic group and are classified as normal based on their nutritional status?  ",{"entities":[[31,38,"PROVINCE"],[53,65,"LOOKUP"],[80,86,"LOOKUP"],[87,99,"LOOKUP_GROUP"],[122,128,"LOOKUP"],[144,162,"LOOKUP_GROUP"]]}],["What is the rate of literacy among women in Sudurpashchim Province with No education and are categorized in the Lowest wealth quintile?  ",{"entities":[[20,40,"INDICATOR"],[44,57,"PROVINCE"],[72,84,"LOOKUP"],[112,118,"LOOKUP"],[119,134,"LOOKUP_GROUP"]]}],["How prevalent is antenatal care coverage in Province 1 for women who had none or 1-3 antenatal care visits and belong to the Terai ecological zone?  ",{"entities":[[17,40,"INDICATOR"],[59,64,"LOOKUP"],[73,77,"LOOKUP"],[81,84,"LOOKUP"],[85,99,"LOOKUP_GROUP"],[100,106,"LOOKUP_GROUP"],[125,130,"LOOKUP"],[131,146,"LOOKUP_GROUP"]]}],["What percentage of children aged 9-11 months in Bagmati Province were not weighed or measured based on their nutritional status?  ",{"entities":[[19,32,"LOOKUP_GROUP"],[33,44,"LOOKUP"],[48,55,"PROVINCE"],[70,93,"LOOKUP"],[109,127,"LOOKUP_GROUP"]]}],["What is the proportion of women in Gandaki Province who belong to the Madhesi ethnic group and are in the 25-29 age group?  ",{"entities":[[26,31,"LOOKUP"],[35,42,"PROVINCE"],[70,77,"LOOKUP"],[78,90,"LOOKUP_GROUP"],[106,111,"LOOKUP"],[112,115,"LOOKUP_GROUP"]]}],["What is the rate of access to sanitation facilities in Lumbini Province for households in the Middle wealth quintile?  ",{"entities":[[12,51,"INDICATOR"],[55,62,"PROVINCE"],[94,100,"LOOKUP"],[101,116,"LOOKUP_GROUP"]]}],["How prevalent is early childhood mortality in Karnali Province among children in the 0-5 age group who belong to the Dalit ethnic group?  ",{"entities":[[23,42,"INDICATOR"],[46,53,"PROVINCE"],[85,88,"LOOKUP"],[89,92,"LOOKUP_GROUP"],[117,122,"LOOKUP"],[123,135,"LOOKUP_GROUP"]]}],["What is the rate of postnatal care within 2 days of delivery in Madhesh Province among women who have Secondary Education?  ",{"entities":[[12,60,"INDICATOR"],[64,71,"PROVINCE"],[87,92,"LOOKUP"],[102,111,"LOOKUP"],[112,121,"LOOKUP_GROUP"]]}],["What percentage of children aged 36-47 months in Sudurpashchim Province belong to the Brahmin/Chhetri ethnic group and were born with a very small size at birth?  ",{"entities":[[5,32,"INDICATOR"],[33,45,"LOOKUP"],[49,62,"PROVINCE"],[86,101,"LOOKUP"],[102,114,"LOOKUP_GROUP"],[136,146,"LOOKUP"],[147,160,"LOOKUP_GROUP"]]}],["What is the rate of maternal mortality in Province 1 for women aged 35-39 who are categorized in the Fourth wealth quintile?  ",{"entities":[[12,38,"INDICATOR"],[57,62,"LOOKUP"],[68,73,"LOOKUP"],[101,107,"LOOKUP"],[108,123,"LOOKUP_GROUP"]]}],["How prevalent is childhood obesity in Bagmati Province among children whose vaccination card was seen during the survey?  ",{"entities":[[17,34,"INDICATOR"],[38,45,"PROVINCE"],[76,92,"LOOKUP_GROUP"],[97,101,"LOOKUP"]]}],["What percentage of women in Gandaki Province who are employed for cash belong to the 40-49 age group?  ",{"entities":[[5,24,"INDICATOR"],[28,35,"PROVINCE"],[53,70,"LOOKUP"],[85,90,"LOOKUP"],[91,100,"LOOKUP_GROUP"]]}],["What is the prevalence of thinness among women in Lumbini Province who belong to the Janajati ethnic group?  ",{"entities":[[26,34,"LOOKUP"],[41,46,"LOOKUP"],[50,57,"PROVINCE"],[85,93,"LOOKUP"],[94,106,"LOOKUP_GROUP"]]}],["How prevalent is education among children aged 5-9 in Karnali Province who belong to the No education category?  ",{"entities":[[17,26,"LOOKUP_GROUP"],[42,46,"LOOKUP_GROUP"],[47,50,"LOOKUP"],[54,61,"PROVINCE"],[89,91,"LOOKUP"],[92,101,"LOOKUP"]]}],["What is the rate of anemia in Madhesh Province among children in the 12-18 months age group who belong to the Hill ecological zone?  ",{"entities":[[12,26,"INDICATOR"],[30,37,"PROVINCE"],[69,81,"LOOKUP"],[82,85,"LOOKUP_GROUP"],[110,114,"LOOKUP"],[115,130,"LOOKUP_GROUP"]]}],["What percentage of children in Sudurpashchim Province were born with a birth interval of 24-47 months and are classified as underweight based on their nutritional status?  ",{"entities":[[5,27,"INDICATOR"],[31,44,"PROVINCE"],[71,85,"LOOKUP_GROUP"],[89,94,"LOOKUP"],[95,101,"LOOKUP_GROUP"],[124,135,"LOOKUP"],[151,169,"LOOKUP_GROUP"]]}],["What is the rate of exclusive breastfeeding in Province 1 for children aged 6-11 months born to mothers in the Urban residence category?  ",{"entities":[[12,43,"INDICATOR"],[71,75,"LOOKUP_GROUP"],[76,80,"LOOKUP"],[88,103,"INDICATOR"],[111,116,"LOOKUP"],[117,126,"LOOKUP_GROUP"]]}],["How prevalent is literacy among women in Bagmati Province with Secondary Education and belong to the Rural residence category?  ",{"entities":[[17,25,"INDICATOR"],[32,37,"LOOKUP"],[41,48,"PROVINCE"],[63,72,"LOOKUP"],[73,82,"LOOKUP_GROUP"],[101,106,"LOOKUP"],[107,116,"LOOKUP_GROUP"]]}],["What is the rate of malnutrition in Gandaki Province among children in the 15-19 age group who belong to the Dalit ethnic group?",{"entities":[[12,32,"INDICATOR"],[36,43,"PROVINCE"],[75,80,"LOOKUP"],[81,84,"LOOKUP_GROUP"],[109,114,"LOOKUP"],[115,127,"LOOKUP_GROUP"]]}],null,["What is the national rate of institutional deliveries among women who belong to the Janajati ethnic group and are in the 20-24 age group?  ",{"entities":[[12,25,"INDICATOR"],[60,65,"LOOKUP"],[84,92,"LOOKUP"],[93,105,"LOOKUP_GROUP"],[121,126,"LOOKUP"],[127,130,"LOOKUP_GROUP"]]}],["How prevalent is literacy at the national level among women with More than secondary education who belong to the Highest wealth quintile?  ",{"entities":[[17,25,"INDICATOR"],[33,41,"PROVINCE"],[54,59,"LOOKUP"],[75,94,"LOOKUP"],[113,120,"LOOKUP"],[121,136,"LOOKUP_GROUP"]]}],["What is the national prevalence of anemia among children aged 6-11 months who were born to mothers in the Rural residence category?  ",{"entities":[[12,20,"PROVINCE"],[57,61,"LOOKUP_GROUP"],[62,73,"LOOKUP"],[106,111,"LOOKUP"],[112,121,"LOOKUP_GROUP"]]}],["What is the national rate of early marriage among women who belong to the Muslim ethnic group and are in the 15-19 age group?  ",{"entities":[[12,20,"PROVINCE"],[50,55,"LOOKUP"],[74,80,"LOOKUP"],[81,93,"LOOKUP_GROUP"],[109,114,"LOOKUP"],[115,118,"LOOKUP_GROUP"]]}],["How prevalent is employment at the national level among women who were employed for cash in the last 12 months and belong to the Urban residence category?  ",{"entities":[[17,27,"LOOKUP_GROUP"],[35,43,"PROVINCE"],[56,61,"LOOKUP"],[71,88,"LOOKUP"],[96,110,"LOOKUP_GROUP"],[129,134,"LOOKUP"],[135,144,"LOOKUP_GROUP"]]}],["What is the national proportion of children aged 12-23 months who belong to the Mountain ecological zone and are classified as underweight?  ",{"entities":[[12,20,"PROVINCE"],[44,48,"LOOKUP_GROUP"],[49,61,"LOOKUP"],[80,88,"LOOKUP_GROUP"],[89,104,"LOOKUP"],[127,138,"LOOKUP"]]}],["What is the national rate of access to sanitation facilities for households in the Lowest wealth quintile?  ",{"entities":[[12,20,"PROVINCE"],[21,75,"INDICATOR"],[83,89,"LOOKUP"],[90,105,"LOOKUP_GROUP"]]}],["How prevalent is exclusive breastfeeding at the national level for children aged 24-35 months whose birth order is 4-5?  ",{"entities":[[48,56,"PROVINCE"],[76,80,"LOOKUP_GROUP"],[81,93,"LOOKUP"],[100,111,"LOOKUP_GROUP"],[115,118,"LOOKUP"]]}],["What percentage of women at the national level who belong to the Brahmin/Chhetri ethnic group were married by the age of 18?  ",{"entities":[[19,24,"LOOKUP"],[32,40,"PROVINCE"],[65,80,"LOOKUP"],[81,93,"LOOKUP_GROUP"],[114,117,"LOOKUP_GROUP"],[121,123,"LOOKUP"]]}],["What is the national rate of antenatal care coverage among women who had 4 or more antenatal care visits and belong to the Terai ecological zone?  ",{"entities":[[12,20,"PROVINCE"],[29,43,"LOOKUP_GROUP"],[59,64,"LOOKUP"],[83,97,"LOOKUP_GROUP"],[123,128,"LOOKUP_GROUP"],[129,144,"LOOKUP"]]}],["What is the national prevalence of thinness among women in the 30-34 age group who belong to the No education category?  ",{"entities":[[12,20,"PROVINCE"],[35,43,"LOOKUP"],[63,68,"LOOKUP_GROUP"],[69,72,"LOOKUP_GROUP"],[97,109,"LOOKUP"]]}],["What is the national rate of childhood vaccinations among children aged 48-59 months who belong to the Fourth wealth quintile?  ",{"entities":[[12,20,"PROVINCE"],[29,51,"INDICATOR"],[67,71,"LOOKUP_GROUP"],[72,84,"LOOKUP"],[103,109,"LOOKUP"],[110,125,"LOOKUP_GROUP"]]}],["How prevalent is literacy at the national level among women who belong to the Madhesi ethnic group and have Basic education?  ",{"entities":[[17,32,"INDICATOR"],[33,41,"PROVINCE"],[42,47,"INDICATOR"],[54,59,"LOOKUP"],[78,85,"LOOKUP"],[86,98,"LOOKUP_GROUP"],[108,113,"LOOKUP"],[114,123,"LOOKUP_GROUP"]]}],["What is the national rate of malnutrition among children aged 36-47 months who belong to the Muslim ethnic group?  ",{"entities":[[12,20,"PROVINCE"],[21,41,"INDICATOR"],[42,56,"INDICATOR"],[57,61,"LOOKUP_GROUP"],[62,67,"LOOKUP"],[68,74,"LOOKUP"],[93,99,"LOOKUP"],[100,112,"LOOKUP_GROUP"]]}],["What is the national prevalence of early childhood mortality among children aged 0-5 years who belong to the Hill ecological zone?  ",{"entities":[[12,20,"PROVINCE"],[35,75,"INDICATOR"],[76,80,"LOOKUP_GROUP"],[81,90,"LOOKUP"],[109,113,"LOOKUP"],[114,129,"LOOKUP_GROUP"]]}],["How prevalent is anemia at the national level among children aged 18-23 months whose mother's nutritional status is classified as overweight/obese?  ",{"entities":[[17,23,"INDICATOR"],[31,39,"PROVINCE"],[46,60,"INDICATOR"],[61,65,"LOOKUP_GROUP"],[66,78,"LOOKUP"],[94,112,"LOOKUP_GROUP"],[130,146,"LOOKUP"]]}],["What is the national rate of female genital mutilation among girls in the 5-9 age group who belong to the Rural residence category?  ",{"entities":[[12,20,"PROVINCE"],[21,66,"INDICATOR"],[74,77,"LOOKUP"],[78,81,"LOOKUP_GROUP"],[106,111,"LOOKUP"],[112,121,"LOOKUP_GROUP"]]}],["What percentage of children at the national level aged 9-11 months who belong to the Janajati ethnic group were not weighed or measured based on their nutritional status?  ",{"entities":[[5,27,"INDICATOR"],[35,43,"PROVINCE"],[50,54,"LOOKUP_GROUP"],[55,66,"LOOKUP"],[67,77,"INDICATOR"],[85,93,"LOOKUP"],[94,106,"LOOKUP_GROUP"],[112,135,"LOOKUP"],[151,169,"LOOKUP_GROUP"]]}],["What is the national rate of postnatal care within 2 days of delivery among women who belong to the Dalit ethnic group and are in the 35-39 age group?  ",{"entities":[[12,20,"PROVINCE"],[21,43,"INDICATOR"],[44,69,"INDICATOR"],[76,81,"LOOKUP"],[100,105,"LOOKUP"],[106,118,"LOOKUP_GROUP"],[134,139,"LOOKUP"],[140,143,"LOOKUP_GROUP"]]}],["How prevalent is obesity at the national level among children whose vaccination card was not seen or no longer has?  ",{"entities":[[17,31,"INDICATOR"],[32,40,"PROVINCE"],[41,61,"INDICATOR"],[68,84,"LOOKUP_GROUP"],[89,114,"LOOKUP"]]}],["What is the national rate of childhood obesity among children aged 24-35 months who belong to the Urban residence category?  ",{"entities":[[12,20,"PROVINCE"],[21,61,"INDICATOR"],[62,66,"LOOKUP_GROUP"],[67,79,"LOOKUP"],[98,103,"LOOKUP"],[104,113,"LOOKUP_GROUP"]]}],["What percentage of women at the national level who belong to the Dalit ethnic group were employed not for cash in the last 12 months?  ",{"entities":[]}],["How prevalent is early childhood mortality at the national level among children in the 0-5 age group whose birth interval was less than 24 months?  ",{"entities":[[23,42,"INDICATOR"],[50,58,"PROVINCE"],[87,90,"LOOKUP"],[91,94,"LOOKUP_GROUP"],[107,145,"INDICATOR"]]}],["What is the national prevalence of literacy among women aged 40-44 who belong to the Brahmin/Chhetri ethnic group?  ",{"entities":[[12,20,"PROVINCE"],[35,55,"INDICATOR"],[56,60,"LOOKUP_GROUP"],[61,66,"LOOKUP"],[85,100,"LOOKUP"],[101,113,"LOOKUP_GROUP"]]}],["What is the national rate of access to clean drinking water for households in the Middle wealth quintile?  ",{"entities":[[0,11,"INDICATOR"],[12,20,"PROVINCE"],[21,74,"INDICATOR"],[82,88,"LOOKUP"],[89,104,"LOOKUP_GROUP"]]}],["How prevalent is antenatal care coverage at the national level among women who had none or 1-3 antenatal care visits and belong to the Hill ecological zone?  ",{"entities":[[17,40,"INDICATOR"],[48,56,"PROVINCE"],[69,74,"LOOKUP"],[91,116,"LOOKUP"],[135,139,"LOOKUP"],[140,155,"LOOKUP_GROUP"]]}],["What is the national rate of literacy among women with Secondary Education who belong to the Janajati ethnic group?  ",{"entities":[[12,20,"PROVINCE"],[21,37,"INDICATOR"],[44,49,"LOOKUP"],[55,64,"LOOKUP"],[65,74,"LOOKUP_GROUP"],[93,101,"LOOKUP"],[102,114,"LOOKUP_GROUP"]]}],["How prevalent is malnutrition at the national level among children aged 12-18 months who belong to the No education category?  ",{"entities":[[17,29,"INDICATOR"],[37,45,"PROVINCE"],[52,66,"INDICATOR"],[67,71,"LOOKUP_GROUP"],[72,84,"LOOKUP"],[103,105,"LOOKUP"],[106,115,"LOOKUP_GROUP"]]}],["What percentage of women at the national level who belong to the Muslim ethnic group were married by the age of 20?  ",{"entities":[[5,15,"INDICATOR"],[32,40,"PROVINCE"],[47,57,"INDICATOR"],[65,71,"LOOKUP"],[72,84,"LOOKUP_GROUP"],[90,97,"LOOKUP_GROUP"],[105,108,"LOOKUP_GROUP"],[112,114,"LOOKUP"]]}],["What is the national rate of exclusive breastfeeding among children aged 6-8 months whose mother's age is below 20 years?",{"entities":[[12,20,"PROVINCE"],[21,52,"INDICATOR"],[68,72,"LOOKUP_GROUP"],[73,83,"LOOKUP"],[112,120,"LOOKUP"]]}],["What is the rate of stunting among children under 5 years in Bagmati Province who belong to the Muslim ethnic group and live in Urban areas?",{"entities":[[12,57,"INDICATOR"],[61,68,"PROVINCE"],[96,102,"LOOKUP"],[103,115,"LOOKUP_GROUP"],[128,133,"LOOKUP"]]}],["How prevalent is literacy among women aged 40-44 in Lumbini Province who belong to the Dalit ethnic group?",{"entities":[[17,37,"INDICATOR"],[38,42,"LOOKUP_GROUP"],[43,48,"LOOKUP"],[52,59,"PROVINCE"],[87,92,"LOOKUP"],[93,105,"LOOKUP_GROUP"]]}],["What percentage of children in Gandaki Province aged 6-11 months belong to the Fourth wealth quintile and have been vaccinated against measles?",{"entities":[[5,27,"INDICATOR"],[31,38,"PROVINCE"],[48,52,"LOOKUP_GROUP"],[53,64,"LOOKUP"],[79,85,"LOOKUP"],[86,101,"LOOKUP_GROUP"],[116,142,"INDICATOR"]]}],["What is the rate of exclusive breastfeeding in Madhesh Province for children born to mothers with a Basic education?",{"entities":[[12,43,"INDICATOR"],[47,54,"PROVINCE"],[64,92,"INDICATOR"],[100,105,"LOOKUP"],[106,115,"LOOKUP_GROUP"]]}],["How prevalent is anemia in Karnali Province among children in the 12-18 months age group living in Rural areas?",{"entities":[[17,26,"INDICATOR"],[27,34,"PROVINCE"],[66,78,"LOOKUP"],[79,82,"LOOKUP_GROUP"],[99,104,"LOOKUP"]]}],["What is the proportion of women in Province 1 who are employed for cash and belong to the Muslim ethnic group?",{"entities":[[12,31,"INDICATOR"],[54,71,"LOOKUP"],[90,96,"LOOKUP"],[97,109,"LOOKUP_GROUP"]]}],["What percentage of children aged 24-35 months in Sudurpashchim Province are classified as overweight and were born to mothers with No education?",{"entities":[[5,27,"INDICATOR"],[28,32,"LOOKUP_GROUP"],[33,45,"LOOKUP"],[49,62,"PROVINCE"],[90,100,"LOOKUP"],[105,125,"INDICATOR"],[131,133,"LOOKUP"],[134,143,"LOOKUP_GROUP"]]}],["How prevalent is access to clean water in Bagmati Province for households in the Upper wealth quintile living in Urban areas?",{"entities":[[17,38,"INDICATOR"],[42,49,"PROVINCE"],[81,86,"LOOKUP"],[87,102,"LOOKUP_GROUP"],[113,118,"LOOKUP"]]}],["What is the rate of postnatal care within 2 days of delivery in Gandaki Province among women aged 15-19?",{"entities":[[12,60,"INDICATOR"],[64,71,"PROVINCE"],[87,92,"LOOKUP"],[93,97,"LOOKUP_GROUP"],[98,103,"LOOKUP"]]}],["What is the prevalence of early childhood mortality in Lumbini Province among children whose birth interval is 24-47 months?",{"entities":[[26,51,"INDICATOR"],[55,62,"PROVINCE"],[72,107,"INDICATOR"],[111,123,"LOOKUP"]]}],["How prevalent is literacy among women in Sudurpashchim Province with Secondary Education who belong to the Brahmin/Chhetri ethnic group?",{"entities":[[17,31,"INDICATOR"],[32,37,"LOOKUP"],[41,54,"PROVINCE"],[69,88,"LOOKUP"],[107,122,"LOOKUP"],[123,135,"LOOKUP_GROUP"]]}],["What is the rate of childhood vaccinations in Karnali Province among children whose mothers have completed Secondary Education?",{"entities":[[12,42,"INDICATOR"],[46,53,"PROVINCE"],[63,106,"INDICATOR"],[107,116,"LOOKUP"],[117,126,"LOOKUP_GROUP"]]}],["What percentage of children in Bagmati Province aged 36-47 months belong to the Muslim ethnic group and have a vaccination card that was seen during the survey?",{"entities":[[5,27,"INDICATOR"],[31,38,"PROVINCE"],[48,52,"LOOKUP_GROUP"],[53,65,"LOOKUP"],[66,86,"INDICATOR"],[87,99,"LOOKUP_GROUP"],[111,127,"LOOKUP_GROUP"],[133,159,"INDICATOR"]]}],["How prevalent is malnutrition among children aged 6-11 months in Gandaki Province from the Highest wealth quintile?",{"entities":[[17,44,"INDICATOR"],[45,49,"LOOKUP_GROUP"],[50,61,"LOOKUP"],[65,72,"PROVINCE"],[91,98,"LOOKUP"],[99,114,"LOOKUP_GROUP"]]}],["What is the rate of exclusive breastfeeding in Province 1 among children born to mothers in the Third wealth quintile?",{"entities":[[12,43,"INDICATOR"],[58,88,"LOOKUP_GROUP"],[96,101,"LOOKUP"],[102,117,"LOOKUP_GROUP"]]}],["How prevalent is early marriage in Madhesh Province among women aged 20-24 from the Dalit ethnic group?",{"entities":[[17,31,"INDICATOR"],[35,42,"PROVINCE"],[52,63,"INDICATOR"],[64,68,"LOOKUP_GROUP"],[69,74,"LOOKUP"],[84,89,"LOOKUP"],[90,102,"LOOKUP_GROUP"]]}],["What percentage of children in Lumbini Province aged 48-59 months belong to the Janajati ethnic group and are classified as underweight?",{"entities":[[5,27,"INDICATOR"],[31,38,"PROVINCE"],[48,52,"LOOKUP_GROUP"],[53,65,"LOOKUP"],[80,88,"LOOKUP"],[89,101,"LOOKUP_GROUP"],[124,135,"LOOKUP"]]}],["What is the rate of institutional deliveries in Sudurpashchim Province among women who belong to the Hill ecological zone?",{"entities":[[12,44,"INDICATOR"],[48,61,"PROVINCE"],[77,82,"LOOKUP"],[101,105,"LOOKUP"],[106,121,"LOOKUP_GROUP"]]}],["How prevalent is employment among women in Bagmati Province who were employed for cash in the last 12 months and belong to the Terai ecological zone?",{"entities":[[17,39,"INDICATOR"],[43,50,"PROVINCE"],[69,86,"LOOKUP"],[94,108,"LOOKUP_GROUP"],[127,132,"LOOKUP"],[133,148,"LOOKUP_GROUP"]]}],["What is the percentage of children in Gandaki Province aged 0-5 months who received their first immunization and belong to the Lowest wealth quintile?",{"entities":[[12,34,"INDICATOR"],[38,45,"PROVINCE"],[55,59,"LOOKUP_GROUP"],[60,70,"LOOKUP"],[71,108,"INDICATOR"],[127,133,"LOOKUP"],[134,149,"LOOKUP_GROUP"]]}],["How prevalent is literacy among women aged 15-19 in Karnali Province who have No education?",{"entities":[[4,37,"INDICATOR"],[38,42,"LOOKUP_GROUP"],[43,48,"LOOKUP"],[52,59,"PROVINCE"],[78,91,"LOOKUP"]]}],["What is the rate of exclusive breastfeeding in Madhesh Province for children whose birth order is 2-3 and belong to the Janajati ethnic group?",{"entities":[[12,43,"INDICATOR"],[47,54,"PROVINCE"],[83,94,"LOOKUP_GROUP"],[98,101,"LOOKUP"],[120,128,"LOOKUP"],[129,141,"LOOKUP_GROUP"]]}],["What is the prevalence of anemia in Bagmati Province among children aged 6-11 months with a birth interval of less than 24 months?",{"entities":[[12,32,"INDICATOR"],[36,43,"PROVINCE"],[53,67,"INDICATOR"],[68,72,"LOOKUP_GROUP"],[73,84,"LOOKUP"],[92,106,"LOOKUP_GROUP"],[120,129,"LOOKUP"]]}],["What percentage of children in Sudurpashchim++++ Province aged 12-18 months are classified as normal based on their nutritional status and belong to the Brahmin/Chhetri ethnic group?",{"entities":[[5,27,"INDICATOR"],[58,62,"LOOKUP_GROUP"],[63,75,"LOOKUP"],[116,134,"LOOKUP_GROUP"],[153,168,"LOOKUP"],[169,181,"LOOKUP_GROUP"]]}],["What is the rate of postnatal care within 2 days of delivery in Gandaki Province among women who belong to the Janajati ethnic group and are in the 25-29 age group?",{"entities":[[12,60,"INDICATOR"],[64,71,"PROVINCE"],[72,92,"INDICATOR"],[111,119,"LOOKUP"],[120,132,"LOOKUP_GROUP"],[148,153,"LOOKUP"],[154,157,"LOOKUP_GROUP"]]}],["How prevalent is malnutrition among children aged 6-8 months in Province 1 who belong to the Fourth wealth quintile?",{"entities":[[17,44,"INDICATOR"],[45,49,"LOOKUP_GROUP"],[50,60,"LOOKUP"],[93,99,"LOOKUP"],[100,115,"LOOKUP_GROUP"]]}],["What is the proportion of women in Madhesh Province who are employed not for cash in the 30-34 age group?",{"entities":[[12,31,"INDICATOR"],[35,42,"PROVINCE"],[60,84,"LOOKUP"],[89,94,"LOOKUP"],[95,98,"LOOKUP_GROUP"]]}],["What is the rate of institutional deliveries in Lumbini Province among women who have completed Primary Education?",{"entities":[[12,44,"INDICATOR"],[48,55,"PROVINCE"],[71,76,"LOOKUP"],[96,103,"LOOKUP"],[104,113,"LOOKUP_GROUP"]]}],["How prevalent is literacy among women aged 25-29 in Karnali Province who belong to the Janajati ethnic group?",{"entities":[[17,37,"INDICATOR"],[38,42,"LOOKUP_GROUP"],[43,48,"LOOKUP"],[52,59,"PROVINCE"],[87,95,"LOOKUP"],[96,108,"LOOKUP_GROUP"]]}],["What percentage of children in Bagmati Province aged 24-35 months have a vaccination card that was not seen or no longer has?",{"entities":[[5,27,"INDICATOR"],[31,38,"PROVINCE"],[48,52,"LOOKUP_GROUP"],[53,58,"LOOKUP"],[73,89,"LOOKUP_GROUP"],[99,124,"LOOKUP"]]}],["What is the prevalence of early childhood mortality in Gandaki Province among children whose birth order is 4-5?",{"entities":[[26,51,"INDICATOR"],[55,62,"PROVINCE"],[93,104,"LOOKUP_GROUP"],[108,111,"LOOKUP"]]}],["How prevalent is malnutrition among children aged 24-35 months in Lumbini Province who belong to the Muslim ethnic group?",{"entities":[[17,44,"INDICATOR"],[45,49,"LOOKUP_GROUP"],[50,62,"LOOKUP"],[66,73,"PROVINCE"],[101,107,"LOOKUP"],[108,120,"LOOKUP_GROUP"]]}],["What is the rate of stunting among children under 5 years in Sudurpashchim Province who have a birth interval of 48-59 months?",{"entities":[[12,57,"INDICATOR"],[61,74,"PROVINCE"],[95,109,"LOOKUP_GROUP"],[113,125,"LOOKUP"]]}],["What is the percentage of women in Madhesh Province who are employed for cash and belong to the Highest wealth quintile?",{"entities":[[12,31,"INDICATOR"],[35,42,"PROVINCE"],[60,77,"LOOKUP"],[96,103,"LOOKUP"],[104,119,"LOOKUP_GROUP"]]}],["How prevalent is literacy among women aged 20-24 in Gandaki Province who belong to the Terai ecological zone?",{"entities":[[17,37,"INDICATOR"],[38,42,"LOOKUP_GROUP"],[43,48,"LOOKUP"],[52,59,"PROVINCE"],[87,92,"LOOKUP"],[93,108,"LOOKUP_GROUP"]]}],["What is the rate of exclusive breastfeeding in Karnali Province for children born to mothers in the Hill ecological zone?",{"entities":[[12,43,"INDICATOR"],[47,54,"PROVINCE"],[100,104,"LOOKUP"],[105,120,"LOOKUP_GROUP"]]}],["What percentage of children aged 12-23 months in Sudurpashchim Province are classified as underweight and belong to the Muslim ethnic group?",{"entities":[[5,27,"INDICATOR"],[28,32,"LOOKUP_GROUP"],[33,45,"LOOKUP"],[49,62,"PROVINCE"],[90,101,"LOOKUP"],[120,126,"LOOKUP"],[127,139,"LOOKUP_GROUP"]]}],["What is the prevalence of anemia in Bagmati Province among children aged 18-23 months from the Highest wealth quintile?",{"entities":[[12,32,"INDICATOR"],[36,43,"PROVINCE"],[68,72,"LOOKUP_GROUP"],[73,85,"LOOKUP"],[95,102,"LOOKUP"],[103,118,"LOOKUP_GROUP"]]}],["What is the proportion of women in Lumbini Province who have never married and belong to the Muslim ethnic group?",{"entities":[[12,31,"INDICATOR"],[35,42,"PROVINCE"],[61,74,"LOOKUP"],[93,99,"LOOKUP"],[100,112,"LOOKUP_GROUP"]]}],["How prevalent is access to clean water in Gandaki Province for households in the Third wealth quintile living in Rural areas?",{"entities":[[17,38,"INDICATOR"],[42,49,"PROVINCE"],[59,73,"INDICATOR"],[81,86,"LOOKUP"],[87,102,"LOOKUP_GROUP"],[113,118,"LOOKUP"]]}],["What is the rate of postnatal care within 2 days of delivery in Madhesh Province among women with Basic education?",{"entities":[[12,60,"LOOKUP"],[64,71,"PROVINCE"],[87,92,"LOOKUP"],[98,113,"LOOKUP"]]}],["How prevalent is employment among women in Province 1 who were employed for cash in the last 12 months and belong to the Dalit ethnic group?",{"entities":[[17,39,"INDICATOR"],[54,102,"INDICATOR"],[121,126,"LOOKUP"],[127,139,"LOOKUP_GROUP"]]}],["What is the percentage of children in Karnali Province aged 48-59 months who are classified as overweight based on their nutritional status and belong to the Brahmin/Chhetri ethnic group?",{"entities":[[12,34,"INDICATOR"],[38,45,"PROVINCE"],[55,59,"LOOKUP_GROUP"],[60,72,"LOOKUP"],[95,105,"LOOKUP"],[121,139,"LOOKUP_GROUP"],[158,173,"LOOKUP"],[174,186,"LOOKUP_GROUP"]]}],["What is the rate of childhood vaccinations in Sudurpashchim Province among children born to mothers in the Terai ecological zone?",{"entities":[[12,42,"INDICATOR"],[46,59,"PROVINCE"],[75,99,"INDICATOR"],[107,112,"LOOKUP"],[113,128,"LOOKUP_GROUP"]]}],["How prevalent is malnutrition among children aged 24-35 months in Bagmati Province who belong to the Hill ecological zone?",{"entities":[[17,44,"INDICATOR"],[45,49,"LOOKUP_GROUP"],[50,62,"LOOKUP"],[66,73,"PROVINCE"],[101,105,"LOOKUP"],[106,121,"LOOKUP_GROUP"]]}],["What percentage of children in Gandaki Province aged 6-11 months were not weighed or measured based on their nutritional status and belong to the Lowest wealth quintile?",{"entities":[[5,27,"INDICATOR"],[31,38,"PROVINCE"],[48,52,"LOOKUP_GROUP"],[53,64,"LOOKUP"],[65,93,"INDICATOR"],[109,127,"LOOKUP_GROUP"],[146,152,"LOOKUP"],[153,168,"LOOKUP_GROUP"]]}],["What is the rate of institutional deliveries in Province 1 among women who belong to the Janajati ethnic group and are in the 15-19 age group?",{"entities":[[12,44,"INDICATOR"],[65,70,"LOOKUP"],[89,97,"LOOKUP"],[98,110,"LOOKUP_GROUP"],[126,131,"LOOKUP"],[132,135,"LOOKUP_GROUP"]]}],["How prevalent is literacy among women aged 30-34 in Sudurpashchim Province who have completed Secondary Education?",{"entities":[[17,37,"INDICATOR"],[38,42,"LOOKUP_GROUP"],[43,48,"LOOKUP"],[52,74,"PROVINCE"],[94,103,"LOOKUP"],[104,113,"LOOKUP_GROUP"]]}],["What is the percentage of children in Lumbini Province aged 36-47 months who are classified as normal based on their nutritional status and belong to the Highest wealth quintile?",{"entities":[[12,34,"INDICATOR"],[38,45,"PROVINCE"],[55,59,"LOOKUP_GROUP"],[60,72,"LOOKUP"],[95,101,"LOOKUP"],[117,135,"LOOKUP_GROUP"],[154,161,"LOOKUP"],[162,177,"LOOKUP_GROUP"]]}],["What is the rate of exclusive breastfeeding in Bagmati Province for children born to mothers with No education?",{"entities":[[12,43,"INDICATOR"],[47,54,"PROVINCE"],[68,92,"INDICATOR"],[98,100,"LOOKUP"],[101,110,"LOOKUP_GROUP"]]}],["How prevalent is early marriage in Karnali Province among women aged 15-19 who belong to the Janajati ethnic group?",{"entities":[[17,31,"INDICATOR"],[35,42,"PROVINCE"],[64,68,"LOOKUP_GROUP"],[69,74,"LOOKUP"],[93,101,"LOOKUP"],[102,114,"LOOKUP_GROUP"]]}],["What is the proportion of women in Madhesh Province who have completed Secondary Education and belong to the Muslim ethnic group?",{"entities":[[8,31,"INDICATOR"],[35,42,"PROVINCE"],[71,80,"LOOKUP"],[81,90,"LOOKUP_GROUP"],[109,115,"LOOKUP"],[116,128,"LOOKUP_GROUP"]]}],["What is the rate of stunting among children under 5 years in Gandaki Province who belong to the Hill ecological zone and are in the Third wealth quintile?",{"entities":[[12,57,"INDICATOR"],[61,68,"PROVINCE"],[78,91,"INDICATOR"],[96,100,"LOOKUP"],[101,116,"LOOKUP_GROUP"],[132,137,"LOOKUP"],[138,153,"LOOKUP_GROUP"]]}],["How prevalent is access to sanitation facilities in Lumbini Province for households in the Lowest wealth quintile living in Rural areas?",{"entities":[[17,48,"INDICATOR"],[52,59,"PROVINCE"],[91,97,"LOOKUP"],[98,113,"LOOKUP_GROUP"],[124,129,"LOOKUP"]]}],["What percentage of children in Sudurpashchim Province aged 6-11 months received their first immunization and belong to the Dalit ethnic group?",{"entities":[[5,27,"INDICATOR"],[31,44,"PROVINCE"],[54,58,"LOOKUP_GROUP"],[59,70,"LOOKUP"],[71,104,"INDICATOR"],[123,128,"LOOKUP"],[129,141,"LOOKUP_GROUP"]]}],["What is the rate of childhood vaccinations in Madhesh Province among children whose birth order is 4-5?",{"entities":[[12,42,"INDICATOR"],[46,53,"PROVINCE"],[84,95,"LOOKUP_GROUP"],[99,102,"LOOKUP"]]}],["How prevalent is malnutrition among children aged 12-18 months in Province 2 who belong to the Muslim ethnic group?",{"entities":[]}],["What is the rate of exclusive breastfeeding in Gandaki Province for children whose birth order is 2-3 and belong to the Brahmin/Chhetri ethnic group?",{"entities":[[12,43,"INDICATOR"],[47,54,"PROVINCE"],[64,76,"INDICATOR"],[83,94,"LOOKUP_GROUP"],[98,101,"LOOKUP"],[120,135,"LOOKUP"],[136,148,"LOOKUP_GROUP"]]}],["What percentage of children in Karnali Province aged 24-35 months are classified as overweight based on their nutritional status and belong to the Highest wealth quintile?",{"entities":[[5,27,"INDICATOR"],[31,38,"PROVINCE"],[48,52,"LOOKUP_GROUP"],[53,65,"LOOKUP"],[66,80,"INDICATOR"],[84,94,"LOOKUP"],[95,103,"INDICATOR"],[110,128,"LOOKUP_GROUP"],[133,142,"INDICATOR"],[147,154,"LOOKUP"],[155,170,"LOOKUP_GROUP"]]}],["How prevalent is literacy among women in Sudurpashchim Province with Secondary Education who belong to the Dalit ethnic group?",{"entities":[[17,37,"INDICATOR"],[41,54,"PROVINCE"],[69,78,"LOOKUP"],[79,88,"LOOKUP_GROUP"],[107,112,"LOOKUP"],[113,125,"LOOKUP_GROUP"]]}],["What is the proportion of women in Lumbini Province who are employed for cash in the 20-24 age group?",{"entities":[[12,31,"INDICATOR"],[35,42,"PROVINCE"],[60,77,"LOOKUP"],[85,90,"LOOKUP"],[91,94,"LOOKUP_GROUP"]]}],["What is the rate of institutional deliveries in Bagmati Province among women with No education?",{"entities":[[12,44,"INDICATOR"],[48,55,"PROVINCE"],[71,76,"LOOKUP"],[82,94,"LOOKUP"]]}],["How prevalent is malnutrition among children aged 6-11 months in Karnali Province who have a birth interval of 24-47 months?",{"entities":[[4,44,"INDICATOR"],[45,49,"LOOKUP_GROUP"],[50,61,"LOOKUP"],[65,72,"PROVINCE"],[93,107,"LOOKUP_GROUP"],[111,123,"LOOKUP"]]}],["What is the percentage of children in Province 1 aged 48-59 months who are classified as normal based on their nutritional status and belong to the Muslim ethnic group?",{"entities":[]}],["What is the rate of exclusive breastfeeding in Sudurpashchim Province for children born to mothers in the Third wealth quintile?",{"entities":[[12,43,"INDICATOR"],[47,60,"PROVINCE"],[70,87,"INDICATOR"],[112,127,"LOOKUP_GROUP"]]}],["How prevalent is employment among women in Gandaki Province who were employed not for cash in the last 12 months and belong to the Terai ecological zone?",{"entities":[]}],["What percentage of children in Bagmati Province aged 36-47 months belong to the Dalit ethnic group and have a vaccination card that was seen during the survey?",{"entities":[[5,27,"INDICATOR"],[31,38,"PROVINCE"],[48,52,"LOOKUP_GROUP"],[53,65,"LOOKUP"],[80,85,"LOOKUP"],[86,98,"LOOKUP_GROUP"],[110,126,"LOOKUP_GROUP"],[136,140,"LOOKUP"]]}],["What is the rate of stunting among children under 5 years in Madhesh Province who belong to the Brahmin/Chhetri ethnic group and live in Urban areas?",{"entities":[[12,43,"INDICATOR"],[50,57,"LOOKUP"],[61,68,"INDICATOR"],[96,111,"LOOKUP"],[112,124,"LOOKUP_GROUP"],[137,142,"LOOKUP"]]}],["How prevalent is literacy among women aged 15-19 in Lumbini Province who have No education?",{"entities":[[4,37,"INDICATOR"],[38,42,"LOOKUP_GROUP"],[43,48,"LOOKUP"],[52,59,"PROVINCE"],[78,80,"LOOKUP"],[81,90,"LOOKUP_GROUP"]]}],["What is the rate of institutional deliveries in Gandaki Province among women in the Lowest wealth quintile?",{"entities":[[12,44,"INDICATOR"],[48,55,"PROVINCE"],[65,76,"INDICATOR"],[84,90,"LOOKUP"],[91,106,"LOOKUP_GROUP"]]}],["How prevalent is access to clean water in Province 2 for households in the Upper wealth quintile living in Rural areas?",{"entities":[[4,38,"INDICATOR"],[75,80,"LOOKUP"],[81,96,"LOOKUP_GROUP"],[107,112,"LOOKUP"]]}],["What is the percentage of children in Sudurpashchim Province aged 6-11 months who are classified as underweight and belong to the Janajati ethnic group?",{"entities":[[12,34,"INDICATOR"],[38,51,"PROVINCE"],[61,65,"LOOKUP_GROUP"],[66,77,"LOOKUP"],[100,111,"LOOKUP_GROUP"],[130,138,"LOOKUP"],[139,151,"LOOKUP_GROUP"]]}],["What is the prevalence of early childhood mortality in Lumbini Province among children born to mothers aged 20-24?",{"entities":[[12,51,"INDICATOR"],[55,62,"PROVINCE"],[72,102,"INDICATOR"],[103,107,"LOOKUP"],[108,113,"LOOKUP_GROUP"]]}],["How prevalent is malnutrition among children aged 24-35 months in Bagmati Province who belong to the Highest wealth quintile?",{"entities":[[4,29,"INDICATOR"],[45,49,"LOOKUP_GROUP"],[50,62,"LOOKUP"],[66,73,"PROVINCE"],[101,108,"LOOKUP"],[109,124,"LOOKUP_GROUP"]]}],["What is the rate of exclusive breastfeeding in Karnali Province for children whose birth order is 2-3 and belong to the Hill ecological zone?",{"entities":[[12,43,"INDICATOR"],[47,54,"PROVINCE"],[83,94,"LOOKUP_GROUP"],[98,101,"LOOKUP"],[120,124,"LOOKUP"],[125,140,"LOOKUP_GROUP"]]}],["What percentage of children in Madhesh Province aged 12-18 months belong to the Muslim ethnic group and are classified as normal based on their nutritional status?",{"entities":[[5,27,"INDICATOR"],[31,38,"PROVINCE"],[48,52,"LOOKUP_GROUP"],[53,65,"LOOKUP"],[80,86,"LOOKUP"],[87,99,"LOOKUP_GROUP"],[122,128,"LOOKUP"],[144,162,"LOOKUP_GROUP"]]}],["How prevalent is literacy among women in Sudurpashchim Province with Primary Education who belong to the Janajati ethnic group?",{"entities":[[4,37,"INDICATOR"],[41,54,"PROVINCE"],[69,76,"LOOKUP"],[77,86,"LOOKUP_GROUP"],[105,113,"LOOKUP"],[114,126,"LOOKUP_GROUP"]]}],["What is the rate of institutional deliveries in Bagmati Province among women with Secondary Education?",{"entities":[[12,44,"INDICATOR"],[48,55,"PROVINCE"],[71,76,"LOOKUP"],[82,91,"LOOKUP"],[92,101,"LOOKUP_GROUP"]]}],["What percentage of children in Karnali Province aged 48-59 months are classified as overweight based on their nutritional status and belong to the Brahmin/Chhetri ethnic group?",{"entities":[[5,27,"INDICATOR"],[31,38,"PROVINCE"],[48,52,"LOOKUP_GROUP"],[53,65,"LOOKUP"],[84,94,"LOOKUP"],[110,128,"LOOKUP_GROUP"],[147,162,"LOOKUP"],[163,175,"LOOKUP_GROUP"]]}],["How prevalent is employment among women in Gandaki Province who were employed for cash in the last 12 months and belong to the Hill ecological zone?",{"entities":[[4,27,"INDICATOR"],[43,50,"PROVINCE"],[69,108,"LOOKUP_GROUP"],[127,131,"LOOKUP"],[132,147,"LOOKUP_GROUP"]]}],["What is the percentage of children in Lumbini Province aged 24-35 months who are classified as underweight and belong to the Dalit ethnic group?",{"entities":[[12,34,"INDICATOR"],[38,45,"PROVINCE"],[55,59,"LOOKUP_GROUP"],[60,72,"LOOKUP"],[95,106,"LOOKUP"],[125,130,"LOOKUP"],[131,143,"LOOKUP_GROUP"]]}],["What is the rate of stunting among children under 5 years in Bagmati Province who belong to the Terai ecological zone and have a birth interval of less than 24 months?",{"entities":[[12,57,"INDICATOR"],[61,68,"PROVINCE"],[96,101,"LOOKUP"],[102,117,"LOOKUP_GROUP"],[129,143,"LOOKUP_GROUP"],[147,166,"LOOKUP"]]}],["How prevalent is literacy among women aged 25-29 in Gandaki Province who belong to the Muslim ethnic group?",{"entities":[[4,37,"INDICATOR"],[38,42,"LOOKUP_GROUP"],[43,48,"LOOKUP"],[52,59,"PROVINCE"],[87,93,"LOOKUP"],[94,106,"LOOKUP_GROUP"]]}],["What is the rate of exclusive breastfeeding in Sudurpashchim Province for children born to mothers with a Basic education?",{"entities":[[12,43,"INDICATOR"],[47,60,"PROVINCE"],[70,98,"INDICATOR"],[106,111,"LOOKUP"],[112,121,"LOOKUP_GROUP"]]}],["What percentage of children in Madhesh Province aged 24-35 months belong to the Brahmin/Chhetri ethnic group and are classified as normal based on their nutritional status?",{"entities":[[5,27,"INDICATOR"],[31,38,"PROVINCE"],[48,52,"LOOKUP_GROUP"],[53,65,"LOOKUP"],[80,95,"LOOKUP"],[96,108,"LOOKUP_GROUP"],[131,137,"LOOKUP"],[153,171,"LOOKUP_GROUP"]]}],["How prevalent is access to sanitation facilities in Lumbini Province for households in the Highest wealth quintile living in Urban areas?",{"entities":[[4,48,"INDICATOR"],[52,59,"PROVINCE"],[91,98,"LOOKUP"],[99,114,"LOOKUP_GROUP"],[125,130,"LOOKUP"]]}],["What is the rate of childhood vaccinations in Karnali Province among children whose mothers have No education?",{"entities":[[12,42,"INDICATOR"],[46,53,"PROVINCE"],[97,99,"LOOKUP"],[100,109,"LOOKUP_GROUP"]]}],["How prevalent is malnutrition among children aged 12-18 months in Gandaki Province who have a birth interval of 24-47 months?",{"entities":[[4,44,"INDICATOR"],[45,49,"LOOKUP_GROUP"],[50,62,"LOOKUP"],[66,73,"PROVINCE"],[94,108,"LOOKUP_GROUP"],[112,124,"LOOKUP"]]}],["What is the rate of institutional deliveries in Province 1 among women who belong to the Muslim ethnic group and are in the 30-34 age group?",{"entities":[[12,44,"INDICATOR"],[89,95,"LOOKUP"],[96,108,"LOOKUP_GROUP"],[124,129,"LOOKUP"],[130,133,"LOOKUP_GROUP"]]}],["What percentage of children in Bagmati Province aged 48-59 months belong to the Highest wealth quintile and are classified as underweight?",{"entities":[[5,27,"INDICATOR"],[31,38,"PROVINCE"],[48,52,"LOOKUP_GROUP"],[53,65,"LOOKUP"],[80,87,"LOOKUP"],[88,103,"LOOKUP_GROUP"],[126,137,"LOOKUP"]]}],["How prevalent is literacy among women in Sudurpashchim Province with No education who belong to the Dalit ethnic group?",{"entities":[[4,25,"INDICATOR"],[41,54,"PROVINCE"],[69,71,"LOOKUP"],[72,81,"LOOKUP_GROUP"],[100,105,"LOOKUP"],[106,118,"LOOKUP_GROUP"]]}],["What is the rate of exclusive breastfeeding in Madhesh Province for children born to mothers in the Terai ecological zone?",{"entities":[[12,43,"INDICATOR"],[47,54,"PROVINCE"],[64,92,"INDICATOR"],[100,105,"LOOKUP"],[106,121,"LOOKUP_GROUP"]]}],["What percentage of children in Gandaki Province aged 6-11 months have a vaccination card that was seen during the survey and belong to the Brahmin/Chhetri ethnic group?",{"entities":[[5,27,"INDICATOR"],[31,38,"PROVINCE"],[48,52,"LOOKUP_GROUP"],[53,64,"LOOKUP"],[72,88,"LOOKUP_GROUP"],[98,102,"LOOKUP"],[139,154,"LOOKUP"],[155,167,"LOOKUP_GROUP"]]}],["How prevalent is early marriage in Lumbini Province among women aged 20-24 who belong to the Janajati ethnic group?",{"entities":[[4,31,"INDICATOR"],[35,42,"PROVINCE"],[52,63,"INDICATOR"],[64,68,"LOOKUP_GROUP"],[69,74,"LOOKUP"],[93,101,"LOOKUP"],[102,114,"LOOKUP_GROUP"]]}],["What is the rate of institutional deliveries in Bagmati Province among women in the Second wealth quintile?",{"entities":[[12,44,"INDICATOR"],[48,55,"PROVINCE"],[65,76,"INDICATOR"],[84,90,"LOOKUP"],[91,106,"LOOKUP_GROUP"]]}],["What percentage of children in Karnali Province aged 36-47 months are classified as normal based on their nutritional status and belong to the Terai ecological zone?",{"entities":[[5,27,"INDICATOR"],[31,38,"PROVINCE"],[48,52,"LOOKUP_GROUP"],[53,65,"LOOKUP"],[84,96,"LOOKUP"],[106,124,"LOOKUP_GROUP"],[143,148,"LOOKUP"],[149,164,"LOOKUP_GROUP"]]}],["How prevalent is malnutrition among children aged 6-11 months in Sudurpashchim Province who belong to the Muslim ethnic group?",{"entities":[[4,29,"INDICATOR"],[45,49,"LOOKUP_GROUP"],[50,61,"LOOKUP"],[65,78,"PROVINCE"],[106,112,"LOOKUP"],[113,125,"LOOKUP_GROUP"]]}],["What is the rate of exclusive breastfeeding in Gandaki Province for children whose birth order is 4-5 and belong to the Hill ecological zone?",{"entities":[[12,43,"LOOKUP_GROUP"],[47,54,"PROVINCE"],[98,101,"LOOKUP"],[120,124,"LOOKUP"],[125,140,"LOOKUP_GROUP"]]}],["What percentage of children in Madhesh Province aged 0-5 months belong to the Brahmin/Chhetri ethnic group and have received their first immunization?",{"entities":[[5,27,"INDICATOR"],[31,38,"PROVINCE"],[48,52,"LOOKUP_GROUP"],[53,63,"LOOKUP"],[78,93,"LOOKUP"],[94,106,"LOOKUP_GROUP"],[111,149,"INDICATOR"]]}],["How prevalent is access to clean water in Bagmati Province for households in the Lowest wealth quintile living in Urban areas?",{"entities":[[4,38,"INDICATOR"],[42,49,"PROVINCE"],[81,87,"LOOKUP"],[88,103,"LOOKUP_GROUP"],[114,119,"LOOKUP"]]}],["What is the rate of childhood vaccinations in Sudurpashchim Province among children born to mothers in the Hill ecological zone?",{"entities":[[12,42,"INDICATOR"],[46,59,"PROVINCE"],[69,99,"INDICATOR"],[107,111,"LOOKUP"],[112,127,"LOOKUP_GROUP"]]}],["What is the percentage of children in Lumbini Province aged 24-35 months who are classified as overweight based on their nutritional status and belong to the Janajati ethnic group?",{"entities":[[12,34,"INDICATOR"],[38,45,"PROVINCE"],[55,59,"LOOKUP_GROUP"],[60,72,"LOOKUP"],[95,105,"LOOKUP"],[121,139,"LOOKUP_GROUP"],[158,166,"LOOKUP"],[167,179,"LOOKUP_GROUP"]]}],["How prevalent is literacy among women aged 30-34 in Karnali Province who belong to the Muslim ethnic group?",{"entities":[[4,37,"INDICATOR"],[38,42,"LOOKUP_GROUP"],[43,48,"LOOKUP"],[52,59,"PROVINCE"],[87,93,"LOOKUP"],[94,106,"LOOKUP_GROUP"]]}],["What is the rate of institutional deliveries in Gandaki Province among women with Basic education?",{"entities":[[12,44,"INDICATOR"],[48,55,"PROVINCE"],[82,87,"LOOKUP"],[88,97,"LOOKUP_GROUP"]]}],["What percentage of children in Province 1 aged 6-11 months are classified as normal based on their nutritional status and belong to the Dalit ethnic group?",{"entities":[[5,27,"INDICATOR"],[42,46,"LOOKUP_GROUP"],[47,58,"LOOKUP"],[77,83,"LOOKUP"],[99,117,"LOOKUP_GROUP"],[136,141,"LOOKUP"],[142,154,"LOOKUP_GROUP"]]}],["How prevalent is employment among women in Sudurpashchim Province who were employed not for cash in the last 12 months and belong to the Third wealth quintile?",{"entities":[[4,27,"INDICATOR"],[43,56,"PROVINCE"],[75,96,"LOOKUP"],[104,108,"LOOKUP"],[109,118,"LOOKUP"],[137,142,"LOOKUP"],[143,158,"LOOKUP_GROUP"]]}],["What is the rate of exclusive breastfeeding in Bagmati Province for children born to mothers with No education?",{"entities":[[12,43,"INDICATOR"],[47,54,"PROVINCE"],[98,100,"LOOKUP"],[101,110,"LOOKUP_GROUP"]]}],["What percentage of children in Gandaki Province aged 24-35 months belong to the Highest wealth quintile and have a vaccination card that was seen during the survey?",{"entities":[[5,27,"INDICATOR"],[31,38,"PROVINCE"],[48,52,"LOOKUP_GROUP"],[53,65,"LOOKUP"],[80,87,"LOOKUP"],[88,103,"LOOKUP_GROUP"],[115,131,"LOOKUP_GROUP"],[141,145,"LOOKUP"]]}],["What is the prevalence of anemia in Lumbini Province among children aged 6-11 months with a birth interval of 48-59 months?",{"entities":[[12,32,"INDICATOR"],[36,43,"PROVINCE"],[68,72,"LOOKUP_GROUP"],[73,84,"LOOKUP"],[92,106,"LOOKUP_GROUP"],[110,122,"LOOKUP"]]}]]
